<?xml version="1.0" encoding="UTF-8"?>
<project-private xmlns="http://www.netbeans.org/ns/project-private/1">
    <editor-bookmarks xmlns="http://www.netbeans.org/ns/editor-bookmarks/2" lastBookmarkId="0"/>
    <open-files xmlns="http://www.netbeans.org/ns/projectui-open-files/2">
        <group>
            <file>file:/C:/Users/Soni%20Sitez/Desktop/Game%20Sederhana%20Java/main/src/GameMain/XOButton.java</file>
            <file>file:/C:/Users/Soni%20Sitez/Desktop/Game%20Sederhana%20Java/main/src/GameMain/TicTacToe.java</file>
        </group>
    </open-files>
</project-private>
